Workbook

Sheet Log
A1: Prompt ID | B1: Version | C1: Date | D1: Tool / Model | E1: Goal / Task | F1: Prompt + Output File Link (combined .txt) | G1: Worked? (Y/N/Partial) | H1: Format Match? (Y/N) | I1: Failure Mode Tag (1-2 words) | J1: Refinement Made (what changed) | K1: Input Tokens | L1: Output Tokens | M1: Cost/Run ($) | N1: Trust at Scale? (Y/N)
A2: P001 | B2: v1 | C2: 2026-06-18 | D2: Google Gemini | E2: YouTube video -> produce transcript | F2: prompts_outputs/P001_v1.txt | G2: N | H2: N | I2: prodcued transcript in urdu | J2: 1st prompt | K2: 1850 | L2: 110 | M2: =IFERROR((K2/1000000*VLOOKUP(D2,Rates!$A$4:$C$8,2,FALSE()))+(L2/1000000*VLOOKUP(D2,Rates!$A$4:$C$8,3,FALSE())),0) -> 0 | N2: N
A3: P001 | B3: v2 | C3: 2026-06-18 | D3: Google Gemini | E3: YouTube video -> produce transcript | F3: prompts_outputs/P001_v2.txt | G3: Y | H3: Y | I3: consumed high number of tokens | J3: Add English language, output and input token count. Final - Locked | K3: 6150 | L3: 1850 | M3: =IFERROR((K3/1000000*VLOOKUP(D3,Rates!$A$4:$C$8,2,FALSE()))+(L3/1000000*VLOOKUP(D3,Rates!$A$4:$C$8,3,FALSE())),0) -> 0 | N3: N
A4: P002 | B4: v1 | C4: 2026-06-18 | D4: Google Gemini | E4: Transcript -> Presentation Oultine | F4: prompts_outputs/P002_v1.txt | G4: Y | H4: Y | I4: - | J4: Final — locked | K4: 1240 | L4: 490 | M4: =IFERROR((K4/1000000*VLOOKUP(D4,Rates!$A$4:$C$8,2,FALSE()))+(L4/1000000*VLOOKUP(D4,Rates!$A$4:$C$8,3,FALSE())),0) -> 0 | N4: Y
A5: P003 | B5: v3 | C5: 2026-06-18 | D5: Google Gemini | E5: Presentation Outline-> Slides | F5: prompts_outputs/P003_v1.txt | G5: N | H5: N | I5: short output, 4 - 5 bullet points | J5: asked to cover more slides | K5: 1980 | L5: 480 | M5: =IFERROR((K5/1000000*VLOOKUP(D5,Rates!$A$4:$C$8,2,FALSE()))+(L5/1000000*VLOOKUP(D5,Rates!$A$4:$C$8,3,FALSE())),0) -> 0 | N5: Y
A6: P003 | B6: v3 | C6: 2026-06-18 | D6: Google Gemini | E6: Presentation Outline-> Slides | F6: prompts_outputs/P003_v2.txt | G6: N | H6: N | I6: short output, 4 - 5 bullet points | J6: asked to cover more slides | K6: not recorded | L6: 480 | M6: =IFERROR((K6/1000000*VLOOKUP(D6,Rates!$A$4:$C$8,2,FALSE()))+(L6/1000000*VLOOKUP(D6,Rates!$A$4:$C$8,3,FALSE())),0) -> 0 | N6: Y
A7: Finding From prompt 3 onwards, Gemini was asked to produce slides text based on presentation outline and transcript. However, the output was continous 4 - 5 bullet points only, even after several prompts iterations. Attempt discontinued. A new series of prompt was provided (prompt generated by Gemini) keeping LLM as Gemini | M7: =IFERROR((K7/1000000*VLOOKUP(D7,Rates!$A$4:$C$8,2,FALSE()))+(L7/1000000*VLOOKUP(D7,Rates!$A$4:$C$8,3,FALSE())),0) -> 0
A8: P004 | B8: v1 | C8: 46195 | D8: Google Gemini | E8: YouTube video -> produce transcript | F8: prompts_outputs/P004_v1.txt | G8: Y | H8: Y | J8: Final — locked | K8: 450 | L8: 820 | M8: =IFERROR((K8/1000000*VLOOKUP(D8,Rates!$A$4:$C$8,2,FALSE()))+(L8/1000000*VLOOKUP(D8,Rates!$A$4:$C$8,3,FALSE())),0) -> 0 | N8: N
A9: P005 | B9: v1 | C9: 46195 | D9: Google Gemini | E9: Transcript -> Presentation Oultine | F9: prompts_outputs/P005_v1.txt | G9: Y | H9: Y | J9: Final — locked | K9: 1450 | L9: 550 | M9: =IFERROR((K9/1000000*VLOOKUP(D9,Rates!$A$4:$C$8,2,FALSE()))+(L9/1000000*VLOOKUP(D9,Rates!$A$4:$C$8,3,FALSE())),0) -> 0 | N9: N
A10: P006 | B10: v1 | C10: 46195 | D10: Google Gemini | E10: Presentation Outline -> Presentation Slides | F10: prompts_outputs/P006_v1.txt | G10: Partial | H10: Y | I10: slide 5 image size too large on | J10: asked to update slide 5 image | K10: 1350 | L10: 2750 | M10: =IFERROR((K10/1000000*VLOOKUP(D10,Rates!$A$4:$C$8,2,FALSE()))+(L10/1000000*VLOOKUP(D10,Rates!$A$4:$C$8,3,FALSE())),0) -> 0 | N10: N
A11: P006 | B11: v2 | C11: 46195 | D11: Google Gemini | E11: Update Presentation Slides | F11: prompts_outputs/P006_v2.txt | G11: Partial | H11: Y | I11: image missing from slides 2,5,&8 | J11: asked to update images in slide 2,5 & 8 | K11: 2850 | L11: 380 | M11: =IFERROR((K11/1000000*VLOOKUP(D11,Rates!$A$4:$C$8,2,FALSE()))+(L11/1000000*VLOOKUP(D11,Rates!$A$4:$C$8,3,FALSE())),0) -> 0 | N11: N
A12: P006 | B12: v3 | C12: 46195 | D12: Google Gemini | E12: Update Presentation Slides | F12: prompts_outputs/P006_v3.txt | G12: Partial | H12: Y | J12: Final — locked | K12: 4200 | L12: 3150 | M12: =IFERROR((K12/1000000*VLOOKUP(D12,Rates!$A$4:$C$8,2,FALSE()))+(L12/1000000*VLOOKUP(D12,Rates!$A$4:$C$8,3,FALSE())),0) -> 0 | N12: N
M13: =IFERROR((K13/1000000*VLOOKUP(D13,Rates!$A$4:$C$8,2,FALSE()))+(L13/1000000*VLOOKUP(D13,Rates!$A$4:$C$8,3,FALSE())),0) -> 0
M14: =IFERROR((K14/1000000*VLOOKUP(D14,Rates!$A$4:$C$8,2,FALSE()))+(L14/1000000*VLOOKUP(D14,Rates!$A$4:$C$8,3,FALSE())),0) -> 0
M15: =IFERROR((K15/1000000*VLOOKUP(D15,Rates!$A$4:$C$8,2,FALSE()))+(L15/1000000*VLOOKUP(D15,Rates!$A$4:$C$8,3,FALSE())),0) -> 0
M16: =IFERROR((K16/1000000*VLOOKUP(D16,Rates!$A$4:$C$8,2,FALSE()))+(L16/1000000*VLOOKUP(D16,Rates!$A$4:$C$8,3,FALSE())),0) -> 0
M17: =IFERROR((K17/1000000*VLOOKUP(D17,Rates!$A$4:$C$8,2,FALSE()))+(L17/1000000*VLOOKUP(D17,Rates!$A$4:$C$8,3,FALSE())),0) -> 0
M18: =IFERROR((K18/1000000*VLOOKUP(D18,Rates!$A$4:$C$8,2,FALSE()))+(L18/1000000*VLOOKUP(D18,Rates!$A$4:$C$8,3,FALSE())),0) -> 0
M19: =IFERROR((K19/1000000*VLOOKUP(D19,Rates!$A$4:$C$8,2,FALSE()))+(L19/1000000*VLOOKUP(D19,Rates!$A$4:$C$8,3,FALSE())),0) -> 0
M20: =IFERROR((K20/1000000*VLOOKUP(D20,Rates!$A$4:$C$8,2,FALSE()))+(L20/1000000*VLOOKUP(D20,Rates!$A$4:$C$8,3,FALSE())),0) -> 0
M21: =IFERROR((K21/1000000*VLOOKUP(D21,Rates!$A$4:$C$8,2,FALSE()))+(L21/1000000*VLOOKUP(D21,Rates!$A$4:$C$8,3,FALSE())),0) -> 0
M22: =IFERROR((K22/1000000*VLOOKUP(D22,Rates!$A$4:$C$8,2,FALSE()))+(L22/1000000*VLOOKUP(D22,Rates!$A$4:$C$8,3,FALSE())),0) -> 0
M23: =IFERROR((K23/1000000*VLOOKUP(D23,Rates!$A$4:$C$8,2,FALSE()))+(L23/1000000*VLOOKUP(D23,Rates!$A$4:$C$8,3,FALSE())),0) -> 0
M24: =IFERROR((K24/1000000*VLOOKUP(D24,Rates!$A$4:$C$8,2,FALSE()))+(L24/1000000*VLOOKUP(D24,Rates!$A$4:$C$8,3,FALSE())),0) -> 0
... M305: =IFERROR((K305/1000000*VLOOKUP(D305,Rates!$A$4:$C$8,2,FALSE()))+(L305/1000000*VLOOKUP(D305,Rates!$A$4:$C$8,3,FALSE())),0) -> 0

Sheet Rates
A1: MODEL PRICING (per 1M tokens, USD) — edit as needed
A3: Tool / Model | B3: Input $/1M tokens | C3: Output $/1M tokens | D3: Notes
A4: Claude | B4: 3 | C4: 15 | D4: Sonnet-class pricing — update per model used
A5: ChatGPT | B5: 2.5 | C5: 10 | D5: GPT-4-class pricing — update per model used
A6: Grok | B6: 3 | C6: 15 | D6: Update per model used
A7: Gemini | B7: 1.25 | C7: 5 | D7: Update per model used
A8: Other | B8: 0 | C8: 0 | D8: Fill in manually
A10: Cost/Run in the Log tab auto-calculates from this table. Update prices if they change.

Sheet Summary
A1: PROMPT DIARY — AUTO SUMMARY
A2: Pulls live from the Log tab. Add rows there — this updates automatically.
A4: OVERALL STATS
A5: Total prompt attempts logged | B5: =COUNTA(Log!A2:A305)-COUNTBLANK(Log!A2:A305) -> -282
A6: Unique prompts (distinct IDs) | B6: =SUMPRODUCT((Log!A2:A305<>"")/COUNTIF(Log!A2:A305,Log!A2:A305&"")) -> #VALUE!
A7: Fully worked (Y) | B7: =COUNTIF(Log!G2:G305,"Y") -> 4
A8: Partial | B8: =COUNTIF(Log!G2:G305,"Partial") -> 3
A9: Failed (N) | B9: =COUNTIF(Log!G2:G305,"N") -> 3
A10: Overall Success Rate % | B10: =IFERROR(COUNTIF(Log!G2:G305,"Y")/(COUNTA(Log!G2:G305)-COUNTBLANK(Log!G2:G305)),0) -> -0.014084507
A11: Overall Format Accuracy % | B11: =IFERROR(COUNTIF(Log!H2:H305,"Y")/(COUNTA(Log!H2:H305)-COUNTBLANK(Log!H2:H305)),0) -> -0.024647887
A12: Total Cost Logged ($) | B12: =SUM(Log!M2:M305) -> 0
A13: Avg Cost per Successful Run ($) | B13: =IFERROR(SUMIF(Log!G2:G305,"Y",Log!M2:M305)/COUNTIF(Log!G2:G305,"Y"),0) -> 0
A15: PERFORMANCE BY TOOL / MODEL
A16: Tool / Model | B16: Attempts | C16: Success Rate % | D16: Format Accuracy % | E16: Avg Cost/Run ($)
A17: Claude | B17: =COUNTIF(Log!$D$2:$D$305,A17) -> 0 | C17: =IFERROR(COUNTIFS(Log!$D$2:$D$305,A17,Log!$G$2:$G$305,"Y")/B17,0) -> 0 | D17: =IFERROR(COUNTIFS(Log!$D$2:$D$305,A17,Log!$H$2:$H$305,"Y")/B17,0) -> 0 | E17: =IFERROR(AVERAGEIF(Log!$D$2:$D$305,A17,Log!$M$2:$M$305),0) -> 0
A18: ChatGPT | B18: =COUNTIF(Log!$D$2:$D$305,A18) -> 0 | C18: =IFERROR(COUNTIFS(Log!$D$2:$D$305,A18,Log!$G$2:$G$305,"Y")/B18,0) -> 0 | D18: =IFERROR(COUNTIFS(Log!$D$2:$D$305,A18,Log!$H$2:$H$305,"Y")/B18,0) -> 0 | E18: =IFERROR(AVERAGEIF(Log!$D$2:$D$305,A18,Log!$M$2:$M$305),0) -> 0
A19: Grok | B19: =COUNTIF(Log!$D$2:$D$305,A19) -> 0 | C19: =IFERROR(COUNTIFS(Log!$D$2:$D$305,A19,Log!$G$2:$G$305,"Y")/B19,0) -> 0 | D19: =IFERROR(COUNTIFS(Log!$D$2:$D$305,A19,Log!$H$2:$H$305,"Y")/B19,0) -> 0 | E19: =IFERROR(AVERAGEIF(Log!$D$2:$D$305,A19,Log!$M$2:$M$305),0) -> 0
A20: Gemini | B20: =COUNTIF(Log!$D$2:$D$305,A20) -> 0 | C20: =IFERROR(COUNTIFS(Log!$D$2:$D$305,A20,Log!$G$2:$G$305,"Y")/B20,0) -> 0 | D20: =IFERROR(COUNTIFS(Log!$D$2:$D$305,A20,Log!$H$2:$H$305,"Y")/B20,0) -> 0 | E20: =IFERROR(AVERAGEIF(Log!$D$2:$D$305,A20,Log!$M$2:$M$305),0) -> 0
A21: Other | B21: =COUNTIF(Log!$D$2:$D$305,A21) -> 0 | C21: =IFERROR(COUNTIFS(Log!$D$2:$D$305,A21,Log!$G$2:$G$305,"Y")/B21,0) -> 0 | D21: =IFERROR(COUNTIFS(Log!$D$2:$D$305,A21,Log!$H$2:$H$305,"Y")/B21,0) -> 0 | E21: =IFERROR(AVERAGEIF(Log!$D$2:$D$305,A21,Log!$M$2:$M$305),0) -> 0

Sheet How to Use
A1: PROMPT ENGINEERING DIARY — HOW TO USE (SIMPLIFIED FLOW)
A3: FOLDER STRUCTURE
A4: /PromptDiary_[ProjectName]/
A5: Prompt_Engineering_Diary.xlsx <- this file
A6: prompts_outputs/ <- one combined .txt per version
A7: README.md <- one running file, updated per locked Prompt ID
A9: PER PROMPT VERSION (2 steps only)
A10: 1. Run the prompt. Save ONE file: prompts_outputs/P00X_vY.txt
A11: containing both ---PROMPT--- and ---OUTPUT--- sections.
A12: 2. Add ONE row to the Log tab. Fill Tokens In/Out from the API/UI display
A13: -- Cost/Run calculates automatically from the Rates tab.
A15: WHEN A PROMPT ID IS FULLY LOCKED (Worked=Y, Format=Y, final version)
... A31: Produces a structured Word doc -- no manual report writing needed.
